prompt,visibility,aspect_ratio,magic_prompt,model,seed_number,rendering,negative_prompt,style,color_palette,num_images
"Professional Smart Factory logo, modern industrial design, clean typography, manufacturing theme, blue and white color scheme, minimalist style, suitable for website header",private,3:1,off,2,,default,,design,#007bff #ffffff,1
"Smart Factory logo in dark version, same design as primary but inverted colors, dark background with light text, professional appearance",private,3:1,off,2,,default,,design,#1a1a1a #ffffff,1
"Smart Factory favicon, simplified logo design, recognizable at small size, industrial/manufacturing theme",private,1:1,off,2,,default,,design,#007bff #ffffff,1
"Modern smart factory manufacturing facility, advanced automation systems, clean industrial environment, blue and white lighting, Industry 4.0 technology, professional photography style, wide angle view of manufacturing floor",private,21:10,off,2,,default,,realistic,#007bff #ffffff #666666,1
"AI-powered industrial robots working in modern manufacturing facility, advanced automation systems, robotic arms performing precision tasks, smart factory technology, professional industrial photography",private,21:10,off,2,,default,,realistic,#007bff #ffffff #666666,1
"Diverse team of manufacturing professionals collaborating in modern factory environment, engineers and technicians working together, smart factory team concept, professional business photography, inclusive workplace",private,21:10,off,2,,default,,realistic,#007bff #ffffff #666666,1
"AI-powered manufacturing transformation, machine learning algorithms visualized, data analytics dashboard, smart factory AI implementation, futuristic industrial technology",private,21:10,off,2,,default,,realistic,#007bff #ffffff #666666,1
"Professional headshot of Doug Richards, Executive Chairman of Smart Factory, confident male business executive in his 50s, wearing a dark suit and tie, standing against a clean office background, natural lighting, high-quality photography, business portrait style, professional appearance, Kansas City business leader",private,4:5,off,2,,default,,realistic,#007bff #ffffff #666666,1
"Professional headshot of Heather Richards, Managing Partner of Smart Factory, confident female business executive in her 40s, wearing a professional business suit, standing against a clean office background, natural lighting, high-quality photography, business portrait style, professional appearance, Kansas City business leader",private,4:5,off,2,,default,,realistic,#007bff #ffffff #666666,1
"Professional headshot of a male engineer in his 30s, wearing business casual attire, standing against a clean office background, confident expression, high-quality photography, manufacturing industry professional",private,3:4,off,2,,default,,realistic,#007bff #ffffff #666666,1
"Professional headshot of a female data scientist in her 30s, wearing business casual attire, standing against a clean office background, confident expression, high-quality photography, AI specialist",private,3:4,off,2,,default,,realistic,#007bff #ffffff #666666,1
"Professional headshot of a male operations manager in his 40s, wearing business casual attire, standing against a clean office background, confident expression, high-quality photography, manufacturing professional",private,3:4,off,2,,default,,realistic,#007bff #ffffff #666666,1
"Professional headshot of a female project manager in her 30s, wearing business casual attire, standing against a clean office background, confident expression, high-quality photography, technology professional",private,3:4,off,2,,default,,realistic,#007bff #ffffff #666666,1
"Professional headshot of a male systems engineer in his 30s, wearing business casual attire, standing against a clean office background, confident expression, high-quality photography, automation specialist",private,3:4,off,2,,default,,realistic,#007bff #ffffff #666666,1
"Professional headshot of a female business analyst in her 30s, wearing business casual attire, standing against a clean office background, confident expression, high-quality photography, data professional",private,3:4,off,2,,default,,realistic,#007bff #ffffff #666666,1
"AI implementation in manufacturing, machine learning algorithms visualized, smart factory AI integration, data analytics dashboard, industrial automation with AI, professional industrial photography",private,4:3,off,2,,default,,realistic,#007bff #ffffff #666666,1
"Advanced robotics assembly line in modern factory, automated manufacturing process, industrial robots working, clean factory floor, high-tech manufacturing equipment, Industry 4.0 technology",private,4:3,off,2,,default,,realistic,#007bff #ffffff #666666,1
"Industrial IoT sensors and connected devices in manufacturing environment, smart sensors on machinery, data visualization screens, connected factory concept, Industry 4.0 technology, network connectivity",private,4:3,off,2,,default,,realistic,#007bff #ffffff #666666,1
"Digital dashboard showing predictive maintenance analytics, real-time monitoring screens, manufacturing equipment with sensors, data visualization, smart maintenance concept, IoT monitoring",private,4:3,off,2,,default,,realistic,#007bff #ffffff #666666,1
"Automated quality control system in manufacturing, robotic inspection equipment, precision measurement tools, quality assurance technology, modern factory quality control, AI-powered inspection",private,4:3,off,2,,default,,realistic,#007bff #ffffff #666666,1
"Modern logistics and supply chain management, warehouse automation, smart inventory systems, connected supply chain technology, Industry 4.0 logistics, digital supply chain",private,4:3,off,2,,default,,realistic,#007bff #ffffff #666666,1
"Team collaboration icon, multiple people working together, modern design, blue color scheme, professional appearance, suitable for website feature section",private,1:1,off,2,,default,,design,#007bff #ffffff,1
"Service excellence icon, star or award symbol, modern design, blue color scheme, professional appearance, suitable for website feature section",private,1:1,off,2,,default,,design,#007bff #ffffff,1
"Online support icon, customer service symbol, modern design, blue color scheme, professional appearance, suitable for website feature section",private,1:1,off,2,,default,,design,#007bff #ffffff,1
"AI implementation case study in manufacturing, success story visualization, before and after comparison, smart factory transformation, professional business photography",private,8:3,off,2,,default,,realistic,#007bff #ffffff #666666,1
"Manufacturing automation trends 2024, cutting-edge robotics technology, future of manufacturing, Industry 4.0 trends, professional industrial photography",private,8:3,off,2,,default,,realistic,#007bff #ffffff #666666,1
"IoT integration in smart manufacturing, connected devices and sensors, industrial internet of things, smart factory connectivity, professional industrial photography",private,8:3,off,2,,default,,realistic,#007bff #ffffff #666666,1
"Predictive maintenance best practices, maintenance analytics dashboard, equipment monitoring, smart maintenance systems, professional industrial photography",private,8:3,off,2,,default,,realistic,#007bff #ffffff #666666,1
"Industry 4.0 transformation guide, digital transformation in manufacturing, smart factory evolution, technology roadmap, professional business photography",private,8:3,off,2,,default,,realistic,#007bff #ffffff #666666,1
"Smart Factory success stories, client testimonials visualization, manufacturing success, business transformation, professional business photography",private,8:3,off,2,,default,,realistic,#007bff #ffffff #666666,1
"Digital solutions in manufacturing, software integration, digital transformation, smart factory software, professional business photography",private,8:3,off,2,,default,,realistic,#007bff #ffffff #666666,1
"Brand and communication in manufacturing, corporate branding, business communication, professional business photography",private,8:3,off,2,,default,,realistic,#007bff #ffffff #666666,1
"Creative strategy in manufacturing, innovative thinking, strategic planning, business innovation, professional business photography",private,8:3,off,2,,default,,realistic,#007bff #ffffff #666666,1
"Marketing policy in manufacturing, business strategy, marketing planning, professional business photography",private,8:3,off,2,,default,,realistic,#007bff #ffffff #666666,1
"Campaign and PR in manufacturing, public relations, marketing campaigns, professional business photography",private,8:3,off,2,,default,,realistic,#007bff #ffffff #666666,1
"Business strategy in manufacturing, strategic planning, business development, professional business photography",private,8:3,off,2,,default,,realistic,#007bff #ffffff #666666,1
"Corporate conference in manufacturing, business meeting, professional networking, conference hall, professional business photography",private,8:3,off,2,,default,,realistic,#007bff #ffffff #666666,1
"Workshop environment in manufacturing, training session, skill development, professional development, professional business photography",private,8:3,off,2,,default,,realistic,#007bff #ffffff #666666,1
"Technology innovation in manufacturing, cutting-edge technology, innovation lab, research and development, professional business photography",private,8:3,off,2,,default,,realistic,#007bff #ffffff #666666,1
"Professional headshot of a satisfied client, business executive, confident expression, professional appearance, suitable for testimonial section",private,1:1,off,2,,default,,realistic,#007bff #ffffff #666666,1
"Professional headshot of a satisfied client, business executive, confident expression, professional appearance, suitable for testimonial section",private,1:1,off,2,,default,,realistic,#007bff #ffffff #666666,1
"Professional headshot of a satisfied client, business executive, confident expression, professional appearance, suitable for testimonial section",private,1:1,off,2,,default,,realistic,#007bff #ffffff #666666,1
"Professional company logo, technology company, clean design, transparent background, suitable for partner section",private,2:1,off,2,,default,,design,#007bff #ffffff,1
"Professional company logo, manufacturing company, clean design, transparent background, suitable for partner section",private,2:1,off,2,,default,,design,#007bff #ffffff,1
"Professional company logo, technology company, clean design, transparent background, suitable for partner section",private,2:1,off,2,,default,,design,#007bff #ffffff,1
"Professional company logo, manufacturing company, clean design, transparent background, suitable for partner section",private,2:1,off,2,,default,,design,#007bff #ffffff,1
"Professional company logo, technology company, clean design, transparent background, suitable for partner section",private,2:1,off,2,,default,,design,#007bff #ffffff,1
"Smart Factory about page header, manufacturing facility background, professional business environment, clean industrial setting, suitable for page header",private,21:10,off,2,,default,,realistic,#007bff #ffffff #666666,1
"Smart Factory team page header, team collaboration background, professional business environment, diverse team working together, suitable for page header",private,21:10,off,2,,default,,realistic,#007bff #ffffff #666666,1
"Smart Factory news page header, technology and innovation background, professional business environment, digital transformation theme, suitable for page header",private,21:10,off,2,,default,,realistic,#007bff #ffffff #666666,1
"Smart Factory contact page header, professional office environment, business communication theme, clean modern office, suitable for page header",private,21:10,off,2,,default,,realistic,#007bff #ffffff #666666,1
"Smart Factory fun fact background, industrial pattern, subtle design, professional appearance, suitable for background section",private,16:9,off,2,,default,,design,#007bff #ffffff #666666,1
"Smart Factory about section background, industrial theme, professional appearance, suitable for about section background",private,16:9,off,2,,default,,design,#007bff #ffffff #666666,1
"Smart Factory 404 error page illustration, industrial theme, friendly error message, professional design, suitable for error page",private,4:3,off,2,,default,,design,#007bff #ffffff #666666,1 